{
	"start":	{
		"connected":	[{
				"socket":	4,
				"local_host":	"169.254.250.230",
				"local_port":	46957,
				"remote_host":	"127.0.0.1",
				"remote_port":	18080
			}],
		"version":	"iperf 3.21+",
		"system_info":	"Linux spark-1619 6.17.0-1021-nvidia #21-Ubuntu SMP PREEMPT_DYNAMIC Wed May 27 19:14:05 UTC 2026 aarch64",
		"timestamp":	{
			"time":	"Mon, 22 Jun 2026 03:24:29 GMT",
			"timesecs":	1782098669,
			"timemillisecs":	1782098669280
		},
		"connecting_to":	{
			"host":	"169.254.59.196",
			"port":	15201
		},
		"cookie":	"3vnjqisas3uizvqitzatfsps4ijnh3z3p4ty",
		"tcp_mss_default":	65483,
		"target_bitrate":	0,
		"fq_rate":	0,
		"sock_bufsize":	0,
		"sndbuf_actual":	1048576,
		"rcvbuf_actual":	1048576,
		"test_start":	{
			"protocol":	"TCP",
			"num_streams":	1,
			"blksize":	131072,
			"omit":	0,
			"duration":	30,
			"bytes":	0,
			"blocks":	0,
			"reverse":	1,
			"tos":	0,
			"target_bitrate":	0,
			"bidir":	0,
			"fqrate":	0,
			"interval":	1,
			"gso":	0,
			"gro":	0
		}
	},
	"intervals":	[{
			"streams":	[{
					"socket":	4,
					"start":	0,
					"end":	1.001711,
					"seconds":	1.0017110109329224,
					"bytes":	131072,
					"bits_per_second":	1046784.9395240558,
					"omitted":	false,
					"sender":	false
				}],
			"sum":	{
				"start":	0,
				"end":	1.001711,
				"seconds":	1.0017110109329224,
				"bytes":	131072,
				"bits_per_second":	1046784.9395240558,
				"omitted":	false,
				"sender":	false
			}
		}, {
			"streams":	[{
					"socket":	4,
					"start":	1.001711,
					"end":	2.001486,
					"seconds":	0.999774992465973,
					"bytes":	917504,
					"bits_per_second":	7341683.93419764,
					"omitted":	false,
					"sender":	false
				}],
			"sum":	{
				"start":	1.001711,
				"end":	2.001486,
				"seconds":	0.999774992465973,
				"bytes":	917504,
				"bits_per_second":	7341683.93419764,
				"omitted":	false,
				"sender":	false
			}
		}, {
			"streams":	[{
					"socket":	4,
					"start":	2.001486,
					"end":	3.001704,
					"seconds":	1.0002180337905884,
					"bytes":	9961472,
					"bits_per_second":	79674404.2876203,
					"omitted":	false,
					"sender":	false
				}],
			"sum":	{
				"start":	2.001486,
				"end":	3.001704,
				"seconds":	1.0002180337905884,
				"bytes":	9961472,
				"bits_per_second":	79674404.2876203,
				"omitted":	false,
				"sender":	false
			}
		}, {
			"streams":	[{
					"socket":	4,
					"start":	3.001704,
					"end":	4.001051,
					"seconds":	0.99934697151184082,
					"bytes":	209059840,
					"bits_per_second":	1673571609.9382641,
					"omitted":	false,
					"sender":	false
				}],
			"sum":	{
				"start":	3.001704,
				"end":	4.001051,
				"seconds":	0.99934697151184082,
				"bytes":	209059840,
				"bits_per_second":	1673571609.9382641,
				"omitted":	false,
				"sender":	false
			}
		}, {
			"streams":	[{
					"socket":	4,
					"start":	4.001051,
					"end":	5.001453,
					"seconds":	1.0004019737243652,
					"bytes":	299630592,
					"bits_per_second":	2396081574.16575,
					"omitted":	false,
					"sender":	false
				}],
			"sum":	{
				"start":	4.001051,
				"end":	5.001453,
				"seconds":	1.0004019737243652,
				"bytes":	299630592,
				"bits_per_second":	2396081574.16575,
				"omitted":	false,
				"sender":	false
			}
		}, {
			"streams":	[{
					"socket":	4,
					"start":	5.001453,
					"end":	6.000297,
					"seconds":	0.998844027519226,
					"bytes":	198967296,
					"bits_per_second":	1593580503.2076058,
					"omitted":	false,
					"sender":	false
				}],
			"sum":	{
				"start":	5.001453,
				"end":	6.000297,
				"seconds":	0.998844027519226,
				"bytes":	198967296,
				"bits_per_second":	1593580503.2076058,
				"omitted":	false,
				"sender":	false
			}
		}, {
			"streams":	[{
					"socket":	4,
					"start":	6.000297,
					"end":	7.000934,
					"seconds":	1.0006370544433594,
					"bytes":	570687488,
					"bits_per_second":	4562593283.6753931,
					"omitted":	false,
					"sender":	false
				}],
			"sum":	{
				"start":	6.000297,
				"end":	7.000934,
				"seconds":	1.0006370544433594,
				"bytes":	570687488,
				"bits_per_second":	4562593283.6753931,
				"omitted":	false,
				"sender":	false
			}
		}, {
			"streams":	[{
					"socket":	4,
					"start":	7.000934,
					"end":	8.001314,
					"seconds":	1.0003800392150879,
					"bytes":	513015808,
					"bits_per_second":	4102567327.532999,
					"omitted":	false,
					"sender":	false
				}],
			"sum":	{
				"start":	7.000934,
				"end":	8.001314,
				"seconds":	1.0003800392150879,
				"bytes":	513015808,
				"bits_per_second":	4102567327.532999,
				"omitted":	false,
				"sender":	false
			}
		}, {
			"streams":	[{
					"socket":	4,
					"start":	8.001314,
					"end":	9.001384,
					"seconds":	1.0000699758529663,
					"bytes":	581173248,
					"bits_per_second":	4649060662.0146837,
					"omitted":	false,
					"sender":	false
				}],
			"sum":	{
				"start":	8.001314,
				"end":	9.001384,
				"seconds":	1.0000699758529663,
				"bytes":	581173248,
				"bits_per_second":	4649060662.0146837,
				"omitted":	false,
				"sender":	false
			}
		}, {
			"streams":	[{
					"socket":	4,
					"start":	9.001384,
					"end":	10.001374,
					"seconds":	0.99998998641967773,
					"bytes":	1245839360,
					"bits_per_second":	9966814683.49939,
					"omitted":	false,
					"sender":	false
				}],
			"sum":	{
				"start":	9.001384,
				"end":	10.001374,
				"seconds":	0.99998998641967773,
				"bytes":	1245839360,
				"bits_per_second":	9966814683.49939,
				"omitted":	false,
				"sender":	false
			}
		}, {
			"streams":	[{
					"socket":	4,
					"start":	10.001374,
					"end":	11.001041,
					"seconds":	0.99966698884964,
					"bytes":	1637744640,
					"bits_per_second":	13106321671.256735,
					"omitted":	false,
					"sender":	false
				}],
			"sum":	{
				"start":	10.001374,
				"end":	11.001041,
				"seconds":	0.99966698884964,
				"bytes":	1637744640,
				"bits_per_second":	13106321671.256735,
				"omitted":	false,
				"sender":	false
			}
		}, {
			"streams":	[{
					"socket":	4,
					"start":	11.001041,
					"end":	12.001025,
					"seconds":	0.9999840259552002,
					"bytes":	1118437376,
					"bits_per_second":	8947641938.03317,
					"omitted":	false,
					"sender":	false
				}],
			"sum":	{
				"start":	11.001041,
				"end":	12.001025,
				"seconds":	0.9999840259552002,
				"bytes":	1118437376,
				"bits_per_second":	8947641938.03317,
				"omitted":	false,
				"sender":	false
			}
		}, {
			"streams":	[{
					"socket":	4,
					"start":	12.001025,
					"end":	13.001377,
					"seconds":	1.0003520250320435,
					"bytes":	691798016,
					"bits_per_second":	5532436571.83852,
					"omitted":	false,
					"sender":	false
				}],
			"sum":	{
				"start":	12.001025,
				"end":	13.001377,
				"seconds":	1.0003520250320435,
				"bytes":	691798016,
				"bits_per_second":	5532436571.83852,
				"omitted":	false,
				"sender":	false
			}
		}, {
			"streams":	[{
					"socket":	4,
					"start":	13.001377,
					"end":	14.001046,
					"seconds":	0.99966901540756226,
					"bytes":	1053425664,
					"bits_per_second":	8430195576.8471737,
					"omitted":	false,
					"sender":	false
				}],
			"sum":	{
				"start":	13.001377,
				"end":	14.001046,
				"seconds":	0.99966901540756226,
				"bytes":	1053425664,
				"bits_per_second":	8430195576.8471737,
				"omitted":	false,
				"sender":	false
			}
		}, {
			"streams":	[{
					"socket":	4,
					"start":	14.001046,
					"end":	15.001744,
					"seconds":	1.00069797039032,
					"bytes":	622592000,
					"bits_per_second":	4977262018.4862328,
					"omitted":	false,
					"sender":	false
				}],
			"sum":	{
				"start":	14.001046,
				"end":	15.001744,
				"seconds":	1.00069797039032,
				"bytes":	622592000,
				"bits_per_second":	4977262018.4862328,
				"omitted":	false,
				"sender":	false
			}
		}, {
			"streams":	[{
					"socket":	4,
					"start":	15.001744,
					"end":	16.001297,
					"seconds":	0.99955302476882935,
					"bytes":	277348352,
					"bits_per_second":	2219779002.2326708,
					"omitted":	false,
					"sender":	false
				}],