{
	"start":	{
		"connected":	[{
				"socket":	5,
				"local_host":	"169.254.250.230",
				"local_port":	39400,
				"remote_host":	"169.254.250.230",
				"remote_port":	32922
			}],
		"version":	"iperf 3.21+",
		"system_info":	"Linux spark-1619 6.17.0-1021-nvidia #21-Ubuntu SMP PREEMPT_DYNAMIC Wed May 27 19:14:05 UTC 2026 aarch64",
		"sock_bufsize":	0,
		"sndbuf_actual":	1048576,
		"rcvbuf_actual":	1048576,
		"timestamp":	{
			"time":	"Mon, 22 Jun 2026 01:38:12 GMT",
			"timesecs":	1782092292,
			"timemillisecs":	1782092292649
		},
		"accepted_connection":	{
			"host":	"169.254.250.230",
			"port":	32918
		},
		"cookie":	"dznrfug5z3vsxatvbcjg2h72r6db7iccdluh",
		"tcp_mss_default":	0,
		"target_bitrate":	0,
		"fq_rate":	0,
		"test_start":	{
			"protocol":	"TCP",
			"num_streams":	1,
			"blksize":	131072,
			"omit":	0,
			"duration":	30,
			"bytes":	0,
			"blocks":	0,
			"reverse":	0,
			"tos":	0,
			"target_bitrate":	0,
			"bidir":	0,
			"fqrate":	0,
			"interval":	1,
			"gso":	0,
			"gro":	0
		}
	},
	"intervals":	[{
			"streams":	[{
					"socket":	5,
					"start":	0,
					"end":	1.001711,
					"seconds":	1.0017110109329224,
					"bytes":	524288,
					"bits_per_second":	4187139.7580962232,
					"omitted":	false,
					"sender":	false
				}],
			"sum":	{
				"start":	0,
				"end":	1.001711,
				"seconds":	1.0017110109329224,
				"bytes":	524288,
				"bits_per_second":	4187139.7580962232,
				"omitted":	false,
				"sender":	false
			}
		}, {
			"streams":	[{
					"socket":	5,
					"start":	1.001711,
					"end":	2.00167,
					"seconds":	0.99995899200439453,
					"bytes":	62652416,
					"bits_per_second":	501239882.842913,
					"omitted":	false,
					"sender":	false
				}],
			"sum":	{
				"start":	1.001711,
				"end":	2.00167,
				"seconds":	0.99995899200439453,
				"bytes":	62652416,
				"bits_per_second":	501239882.842913,
				"omitted":	false,
				"sender":	false
			}
		}, {
			"streams":	[{
					"socket":	5,
					"start":	2.00167,
					"end":	3.001021,
					"seconds":	0.99935102462768555,
					"bytes":	533856256,
					"bits_per_second":	4273623524.417891,
					"omitted":	false,
					"sender":	false
				}],
			"sum":	{
				"start":	2.00167,
				"end":	3.001021,
				"seconds":	0.99935102462768555,
				"bytes":	533856256,
				"bits_per_second":	4273623524.417891,
				"omitted":	false,
				"sender":	false
			}
		}, {
			"streams":	[{
					"socket":	5,
					"start":	3.001021,
					"end":	4.001054,
					"seconds":	1.0000330209732056,
					"bytes":	773193728,
					"bits_per_second":	6185345577.8694057,
					"omitted":	false,
					"sender":	false
				}],
			"sum":	{
				"start":	3.001021,
				"end":	4.001054,
				"seconds":	1.0000330209732056,
				"bytes":	773193728,
				"bits_per_second":	6185345577.8694057,
				"omitted":	false,
				"sender":	false
			}
		}, {
			"streams":	[{
					"socket":	5,
					"start":	4.001054,
					"end":	5.001072,
					"seconds":	1.0000180006027222,
					"bytes":	1573912576,
					"bits_per_second":	12591073961.079781,
					"omitted":	false,
					"sender":	false
				}],
			"sum":	{
				"start":	4.001054,
				"end":	5.001072,
				"seconds":	1.0000180006027222,
				"bytes":	1573912576,
				"bits_per_second":	12591073961.079781,
				"omitted":	false,
				"sender":	false
			}
		}, {
			"streams":	[{
					"socket":	5,
					"start":	5.001072,
					"end":	6.001045,
					"seconds":	0.99997299909591675,
					"bytes":	1687158784,
					"bits_per_second":	13497634720.340435,
					"omitted":	false,
					"sender":	false
				}],
			"sum":	{
				"start":	5.001072,
				"end":	6.001045,
				"seconds":	0.99997299909591675,
				"bytes":	1687158784,
				"bits_per_second":	13497634720.340435,
				"omitted":	false,
				"sender":	false
			}
		}, {
			"streams":	[{
					"socket":	5,
					"start":	6.001045,
					"end":	7.001025,
					"seconds":	0.99997997283935547,
					"bytes":	1597374464,
					"bits_per_second":	12779251644.125593,
					"omitted":	false,
					"sender":	false
				}],
			"sum":	{
				"start":	6.001045,
				"end":	7.001025,
				"seconds":	0.99997997283935547,
				"bytes":	1597374464,
				"bits_per_second":	12779251644.125593,
				"omitted":	false,
				"sender":	false
			}
		}, {
			"streams":	[{
					"socket":	5,
					"start":	7.001025,
					"end":	8.001387,
					"seconds":	1.0003620386123657,
					"bytes":	1652031488,
					"bits_per_second":	13211468842.153074,
					"omitted":	false,
					"sender":	false
				}],
			"sum":	{
				"start":	7.001025,
				"end":	8.001387,
				"seconds":	1.0003620386123657,
				"bytes":	1652031488,
				"bits_per_second":	13211468842.153074,
				"omitted":	false,
				"sender":	false
			}
		}, {
			"streams":	[{
					"socket":	5,
					"start":	8.001387,
					"end":	9.001036,
					"seconds":	0.99964898824691772,
					"bytes":	1555955712,
					"bits_per_second":	12452016500.141125,
					"omitted":	false,
					"sender":	false
				}],
			"sum":	{
				"start":	8.001387,
				"end":	9.001036,
				"seconds":	0.99964898824691772,
				"bytes":	1555955712,
				"bits_per_second":	12452016500.141125,
				"omitted":	false,
				"sender":	false
			}
		}, {
			"streams":	[{
					"socket":	5,
					"start":	9.001036,
					"end":	10.001038,
					"seconds":	1.0000020265579224,
					"bytes":	1523843072,
					"bits_per_second":	12190719870.800066,
					"omitted":	false,
					"sender":	false
				}],
			"sum":	{
				"start":	9.001036,
				"end":	10.001038,
				"seconds":	1.0000020265579224,
				"bytes":	1523843072,
				"bits_per_second":	12190719870.800066,
				"omitted":	false,
				"sender":	false
			}
		}, {
			"streams":	[{
					"socket":	5,
					"start":	10.001038,
					"end":	11.001043,
					"seconds":	1.0000050067901611,
					"bytes":	1527250944,
					"bits_per_second":	12217946379.306278,
					"omitted":	false,
					"sender":	false
				}],
			"sum":	{
				"start":	10.001038,
				"end":	11.001043,
				"seconds":	1.0000050067901611,
				"bytes":	1527250944,
				"bits_per_second":	12217946379.306278,
				"omitted":	false,
				"sender":	false
			}
		}, {
			"streams":	[{
					"socket":	5,
					"start":	11.001043,
					"end":	12.001123,
					"seconds":	1.0000799894332886,
					"bytes":	1456472064,
					"bits_per_second":	11650844567.54571,
					"omitted":	false,
					"sender":	false
				}],
			"sum":	{
				"start":	11.001043,
				"end":	12.001123,
				"seconds":	1.0000799894332886,
				"bytes":	1456472064,
				"bits_per_second":	11650844567.54571,
				"omitted":	false,
				"sender":	false
			}
		}, {
			"streams":	[{
					"socket":	5,
					"start":	12.001123,
					"end":	13.001047,
					"seconds":	0.99992400407791138,
					"bytes":	1488584704,
					"bits_per_second":	11909582711.719868,
					"omitted":	false,
					"sender":	false
				}],
			"sum":	{
				"start":	12.001123,
				"end":	13.001047,
				"seconds":	0.99992400407791138,
				"bytes":	1488584704,
				"bits_per_second":	11909582711.719868,
				"omitted":	false,
				"sender":	false
			}
		}, {
			"streams":	[{
					"socket":	5,
					"start":	13.001047,
					"end":	14.001043,
					"seconds":	0.9999960064888,
					"bytes":	1449656320,
					"bits_per_second":	11597296873.934956,
					"omitted":	false,
					"sender":	false
				}],
			"sum":	{
				"start":	13.001047,
				"end":	14.001043,
				"seconds":	0.9999960064888,
				"bytes":	1449656320,
				"bits_per_second":	11597296873.934956,
				"omitted":	false,
				"sender":	false
			}
		}, {
			"streams":	[{
					"socket":	5,
					"start":	14.001043,
					"end":	15.001028,
					"seconds":	0.9999849796295166,
					"bytes":	1571815424,
					"bits_per_second":	12574712268.837,
					"omitted":	false,
					"sender":	false
				}],
			"sum":	{
				"start":	14.001043,
				"end":	15.001028,
				"seconds":	0.9999849796295166,
				"bytes":	1571815424,
				"bits_per_second":	12574712268.837,
				"omitted":	false,
				"sender":	false
			}
		}, {
			"streams":	[{
					"socket":	5,
					"start":	15.001028,
					"end":	16.001048,
					"seconds":	1.0000200271606445,
					"bytes":	1467482112,
					"bits_per_second":	11739621784.708612,