{
	"start":	{
		"connected":	[{
				"socket":	4,
				"local_host":	"169.254.250.230",
				"local_port":	44537,
				"remote_host":	"127.0.0.1",
				"remote_port":	18080
			}],
		"version":	"iperf 3.21+",
		"system_info":	"Linux spark-1619 6.17.0-1021-nvidia #21-Ubuntu SMP PREEMPT_DYNAMIC Wed May 27 19:14:05 UTC 2026 aarch64",
		"timestamp":	{
			"time":	"Mon, 22 Jun 2026 03:26:36 GMT",
			"timesecs":	1782098796,
			"timemillisecs":	1782098796706
		},
		"connecting_to":	{
			"host":	"169.254.59.196",
			"port":	15201
		},
		"cookie":	"z2ydlkgtye77drvm4j5zjrajb2663o3cjvn6",
		"tcp_mss_default":	65483,
		"target_bitrate":	0,
		"fq_rate":	0,
		"sock_bufsize":	0,
		"sndbuf_actual":	1048576,
		"rcvbuf_actual":	1048576,
		"test_start":	{
			"protocol":	"TCP",
			"num_streams":	1,
			"blksize":	131072,
			"omit":	0,
			"duration":	30,
			"bytes":	0,
			"blocks":	0,
			"reverse":	1,
			"tos":	0,
			"target_bitrate":	0,
			"bidir":	0,
			"fqrate":	0,
			"interval":	1,
			"gso":	0,
			"gro":	0
		}
	},
	"intervals":	[{
			"streams":	[{
					"socket":	4,
					"start":	0,
					"end":	1.001726,
					"seconds":	1.0017260313034058,
					"bytes":	1835008,
					"bits_per_second":	14654769.409255432,
					"omitted":	false,
					"sender":	false
				}],
			"sum":	{
				"start":	0,
				"end":	1.001726,
				"seconds":	1.0017260313034058,
				"bytes":	1835008,
				"bits_per_second":	14654769.409255432,
				"omitted":	false,
				"sender":	false
			}
		}, {
			"streams":	[{
					"socket":	4,
					"start":	1.001726,
					"end":	2.001141,
					"seconds":	0.99941498041152954,
					"bytes":	200540160,
					"bits_per_second":	1605260388.7720273,
					"omitted":	false,
					"sender":	false
				}],
			"sum":	{
				"start":	1.001726,
				"end":	2.001141,
				"seconds":	0.99941498041152954,
				"bytes":	200540160,
				"bits_per_second":	1605260388.7720273,
				"omitted":	false,
				"sender":	false
			}
		}, {
			"streams":	[{
					"socket":	4,
					"start":	2.001141,
					"end":	3.00113,
					"seconds":	0.99998897314071655,
					"bytes":	874905600,
					"bits_per_second":	6999321980.53856,
					"omitted":	false,
					"sender":	false
				}],
			"sum":	{
				"start":	2.001141,
				"end":	3.00113,
				"seconds":	0.99998897314071655,
				"bytes":	874905600,
				"bits_per_second":	6999321980.53856,
				"omitted":	false,
				"sender":	false
			}
		}, {
			"streams":	[{
					"socket":	4,
					"start":	3.00113,
					"end":	4.001404,
					"seconds":	1.0002739429473877,
					"bytes":	1184759808,
					"bits_per_second":	9475482722.3351231,
					"omitted":	false,
					"sender":	false
				}],
			"sum":	{
				"start":	3.00113,
				"end":	4.001404,
				"seconds":	1.0002739429473877,
				"bytes":	1184759808,
				"bits_per_second":	9475482722.3351231,
				"omitted":	false,
				"sender":	false
			}
		}, {
			"streams":	[{
					"socket":	4,
					"start":	4.001404,
					"end":	5.001692,
					"seconds":	1.0002880096435547,
					"bytes":	885915648,
					"bits_per_second":	7085284553.7212,
					"omitted":	false,
					"sender":	false
				}],
			"sum":	{
				"start":	4.001404,
				"end":	5.001692,
				"seconds":	1.0002880096435547,
				"bytes":	885915648,
				"bits_per_second":	7085284553.7212,
				"omitted":	false,
				"sender":	false
			}
		}, {
			"streams":	[{
					"socket":	4,
					"start":	5.001692,
					"end":	6.001121,
					"seconds":	0.99942898750305176,
					"bytes":	1377173504,
					"bits_per_second":	11023682692.579855,
					"omitted":	false,
					"sender":	false
				}],
			"sum":	{
				"start":	5.001692,
				"end":	6.001121,
				"seconds":	0.99942898750305176,
				"bytes":	1377173504,
				"bits_per_second":	11023682692.579855,
				"omitted":	false,
				"sender":	false
			}
		}, {
			"streams":	[{
					"socket":	4,
					"start":	6.001121,
					"end":	7.00114,
					"seconds":	1.0000189542770386,
					"bytes":	1782710272,
					"bits_per_second":	14261411861.248621,
					"omitted":	false,
					"sender":	false
				}],
			"sum":	{
				"start":	6.001121,
				"end":	7.00114,
				"seconds":	1.0000189542770386,
				"bytes":	1782710272,
				"bits_per_second":	14261411861.248621,
				"omitted":	false,
				"sender":	false
			}
		}, {
			"streams":	[{
					"socket":	4,
					"start":	7.00114,
					"end":	8.001135,
					"seconds":	0.999994993209839,
					"bytes":	1516240896,
					"bits_per_second":	12129987900.304073,
					"omitted":	false,
					"sender":	false
				}],
			"sum":	{
				"start":	7.00114,
				"end":	8.001135,
				"seconds":	0.999994993209839,
				"bytes":	1516240896,
				"bits_per_second":	12129987900.304073,
				"omitted":	false,
				"sender":	false
			}
		}, {
			"streams":	[{
					"socket":	4,
					"start":	8.001135,
					"end":	9.001121,
					"seconds":	0.99998599290847778,
					"bytes":	1663172608,
					"bits_per_second":	13305567236.298035,
					"omitted":	false,
					"sender":	false
				}],
			"sum":	{
				"start":	8.001135,
				"end":	9.001121,
				"seconds":	0.99998599290847778,
				"bytes":	1663172608,
				"bits_per_second":	13305567236.298035,
				"omitted":	false,
				"sender":	false
			}
		}, {
			"streams":	[{
					"socket":	4,
					"start":	9.001121,
					"end":	10.001154,
					"seconds":	1.0000330209732056,
					"bytes":	1567621120,
					"bits_per_second":	12540554858.674028,
					"omitted":	false,
					"sender":	false
				}],
			"sum":	{
				"start":	9.001121,
				"end":	10.001154,
				"seconds":	1.0000330209732056,
				"bytes":	1567621120,
				"bits_per_second":	12540554858.674028,
				"omitted":	false,
				"sender":	false
			}
		}, {
			"streams":	[{
					"socket":	4,
					"start":	10.001154,
					"end":	11.001128,
					"seconds":	0.999974012374878,
					"bytes":	1477967872,
					"bits_per_second":	11824050254.985451,
					"omitted":	false,
					"sender":	false
				}],
			"sum":	{
				"start":	10.001154,
				"end":	11.001128,
				"seconds":	0.999974012374878,
				"bytes":	1477967872,
				"bits_per_second":	11824050254.985451,
				"omitted":	false,
				"sender":	false
			}
		}, {
			"streams":	[{
					"socket":	4,
					"start":	11.001128,
					"end":	12.001385,
					"seconds":	1.0002570152282715,
					"bytes":	1563426816,
					"bits_per_second":	12504200757.987833,
					"omitted":	false,
					"sender":	false
				}],
			"sum":	{
				"start":	11.001128,
				"end":	12.001385,
				"seconds":	1.0002570152282715,
				"bytes":	1563426816,
				"bits_per_second":	12504200757.987833,
				"omitted":	false,
				"sender":	false
			}
		}, {
			"streams":	[{
					"socket":	4,
					"start":	12.001385,
					"end":	13.0016,
					"seconds":	1.0002150535583496,
					"bytes":	1536819200,
					"bits_per_second":	12291910180.976667,
					"omitted":	false,
					"sender":	false
				}],
			"sum":	{
				"start":	12.001385,
				"end":	13.0016,
				"seconds":	1.0002150535583496,
				"bytes":	1536819200,
				"bits_per_second":	12291910180.976667,
				"omitted":	false,
				"sender":	false
			}
		}, {
			"streams":	[{
					"socket":	4,
					"start":	13.0016,
					"end":	14.001448,
					"seconds":	0.99984800815582275,
					"bytes":	1643642880,
					"bits_per_second":	13151141906.311377,
					"omitted":	false,
					"sender":	false
				}],
			"sum":	{
				"start":	13.0016,
				"end":	14.001448,
				"seconds":	0.99984800815582275,
				"bytes":	1643642880,
				"bits_per_second":	13151141906.311377,
				"omitted":	false,
				"sender":	false
			}
		}, {
			"streams":	[{
					"socket":	4,
					"start":	14.001448,
					"end":	15.001536,
					"seconds":	1.0000879764556885,
					"bytes":	1552941056,
					"bits_per_second":	12422435566.147871,
					"omitted":	false,
					"sender":	false
				}],
			"sum":	{
				"start":	14.001448,
				"end":	15.001536,
				"seconds":	1.0000879764556885,
				"bytes":	1552941056,
				"bits_per_second":	12422435566.147871,
				"omitted":	false,
				"sender":	false
			}
		}, {
			"streams":	[{
					"socket":	4,
					"start":	15.001536,
					"end":	16.001377,
					"seconds":	0.99984097480773926,
					"bytes":	1629749248,
					"bits_per_second":	13040067683.270426,
					"omitted":	false,