{
	"start":	{
		"connected":	[{
				"socket":	5,
				"local_host":	"169.254.250.230",
				"local_port":	39500,
				"remote_host":	"169.254.250.230",
				"remote_port":	38656
			}],
		"version":	"iperf 3.21+",
		"system_info":	"Linux spark-1619 6.17.0-1021-nvidia #21-Ubuntu SMP PREEMPT_DYNAMIC Wed May 27 19:14:05 UTC 2026 aarch64",
		"sock_bufsize":	0,
		"sndbuf_actual":	1048576,
		"rcvbuf_actual":	1048576,
		"timestamp":	{
			"time":	"Mon, 22 Jun 2026 01:39:37 GMT",
			"timesecs":	1782092377,
			"timemillisecs":	1782092377066
		},
		"accepted_connection":	{
			"host":	"169.254.250.230",
			"port":	46748
		},
		"cookie":	"4wym24lnreutb4mxkeuc4gzvofjagt7al5j2",
		"tcp_mss_default":	0,
		"target_bitrate":	0,
		"fq_rate":	0,
		"test_start":	{
			"protocol":	"TCP",
			"num_streams":	1,
			"blksize":	131072,
			"omit":	0,
			"duration":	30,
			"bytes":	0,
			"blocks":	0,
			"reverse":	0,
			"tos":	0,
			"target_bitrate":	0,
			"bidir":	0,
			"fqrate":	0,
			"interval":	1,
			"gso":	0,
			"gro":	0
		}
	},
	"intervals":	[{
			"streams":	[{
					"socket":	5,
					"start":	0,
					"end":	1.001707,
					"seconds":	1.0017069578170776,
					"bytes":	0,
					"bits_per_second":	0,
					"omitted":	false,
					"sender":	false
				}],
			"sum":	{
				"start":	0,
				"end":	1.001707,
				"seconds":	1.0017069578170776,
				"bytes":	0,
				"bits_per_second":	0,
				"omitted":	false,
				"sender":	false
			}
		}, {
			"streams":	[{
					"socket":	5,
					"start":	1.001707,
					"end":	2.001422,
					"seconds":	0.999714970588684,
					"bytes":	524288,
					"bits_per_second":	4195499.8408498131,
					"omitted":	false,
					"sender":	false
				}],
			"sum":	{
				"start":	1.001707,
				"end":	2.001422,
				"seconds":	0.999714970588684,
				"bytes":	524288,
				"bits_per_second":	4195499.8408498131,
				"omitted":	false,
				"sender":	false
			}
		}, {
			"streams":	[{
					"socket":	5,
					"start":	2.001422,
					"end":	3.001709,
					"seconds":	1.0002870559692383,
					"bytes":	4456448,
					"bits_per_second":	35641352.936887741,
					"omitted":	false,
					"sender":	false
				}],
			"sum":	{
				"start":	2.001422,
				"end":	3.001709,
				"seconds":	1.0002870559692383,
				"bytes":	4456448,
				"bits_per_second":	35641352.936887741,
				"omitted":	false,
				"sender":	false
			}
		}, {
			"streams":	[{
					"socket":	5,
					"start":	3.001709,
					"end":	4.001705,
					"seconds":	0.9999960064888,
					"bytes":	65798144,
					"bits_per_second":	526387254.1333949,
					"omitted":	false,
					"sender":	false
				}],
			"sum":	{
				"start":	3.001709,
				"end":	4.001705,
				"seconds":	0.9999960064888,
				"bytes":	65798144,
				"bits_per_second":	526387254.1333949,
				"omitted":	false,
				"sender":	false
			}
		}, {
			"streams":	[{
					"socket":	5,
					"start":	4.001705,
					"end":	5.001728,
					"seconds":	1.0000230073928833,
					"bytes":	252182528,
					"bits_per_second":	2017413808.567898,
					"omitted":	false,
					"sender":	false
				}],
			"sum":	{
				"start":	4.001705,
				"end":	5.001728,
				"seconds":	1.0000230073928833,
				"bytes":	252182528,
				"bits_per_second":	2017413808.567898,
				"omitted":	false,
				"sender":	false
			}
		}, {
			"streams":	[{
					"socket":	5,
					"start":	5.001728,
					"end":	6.001407,
					"seconds":	0.99967902898788452,
					"bytes":	424411136,
					"bits_per_second":	3396379227.2781076,
					"omitted":	false,
					"sender":	false
				}],
			"sum":	{
				"start":	5.001728,
				"end":	6.001407,
				"seconds":	0.99967902898788452,
				"bytes":	424411136,
				"bits_per_second":	3396379227.2781076,
				"omitted":	false,
				"sender":	false
			}
		}, {
			"streams":	[{
					"socket":	5,
					"start":	6.001407,
					"end":	7.001382,
					"seconds":	0.999975025653839,
					"bytes":	299499520,
					"bits_per_second":	2396055999.931963,
					"omitted":	false,
					"sender":	false
				}],
			"sum":	{
				"start":	6.001407,
				"end":	7.001382,
				"seconds":	0.999975025653839,
				"bytes":	299499520,
				"bits_per_second":	2396055999.931963,
				"omitted":	false,
				"sender":	false
			}
		}, {
			"streams":	[{
					"socket":	5,
					"start":	7.001382,
					"end":	8.001489,
					"seconds":	1.0001070499420166,
					"bytes":	959709184,
					"bits_per_second":	7676851665.47434,
					"omitted":	false,
					"sender":	false
				}],
			"sum":	{
				"start":	7.001382,
				"end":	8.001489,
				"seconds":	1.0001070499420166,
				"bytes":	959709184,
				"bits_per_second":	7676851665.47434,
				"omitted":	false,
				"sender":	false
			}
		}, {
			"streams":	[{
					"socket":	5,
					"start":	8.001489,
					"end":	9.000311,
					"seconds":	0.99882197380065918,
					"bytes":	1132068864,
					"bits_per_second":	9067232349.2629433,
					"omitted":	false,
					"sender":	false
				}],
			"sum":	{
				"start":	8.001489,
				"end":	9.000311,
				"seconds":	0.99882197380065918,
				"bytes":	1132068864,
				"bits_per_second":	9067232349.2629433,
				"omitted":	false,
				"sender":	false
			}
		}, {
			"streams":	[{
					"socket":	5,
					"start":	9.000311,
					"end":	10.001121,
					"seconds":	1.0008100271224976,
					"bytes":	1398145024,
					"bits_per_second":	11176107242.010031,
					"omitted":	false,
					"sender":	false
				}],
			"sum":	{
				"start":	9.000311,
				"end":	10.001121,
				"seconds":	1.0008100271224976,
				"bytes":	1398145024,
				"bits_per_second":	11176107242.010031,
				"omitted":	false,
				"sender":	false
			}
		}, {
			"streams":	[{
					"socket":	5,
					"start":	10.001121,
					"end":	11.001158,
					"seconds":	1.0000369548797607,
					"bytes":	1519386624,
					"bits_per_second":	12154643818.59915,
					"omitted":	false,
					"sender":	false
				}],
			"sum":	{
				"start":	10.001121,
				"end":	11.001158,
				"seconds":	1.0000369548797607,
				"bytes":	1519386624,
				"bits_per_second":	12154643818.59915,
				"omitted":	false,
				"sender":	false
			}
		}, {
			"streams":	[{
					"socket":	5,
					"start":	11.001158,
					"end":	12.001138,
					"seconds":	0.99997997283935547,
					"bytes":	1237319680,
					"bits_per_second":	9898755683.9702644,
					"omitted":	false,
					"sender":	false
				}],
			"sum":	{
				"start":	11.001158,
				"end":	12.001138,
				"seconds":	0.99997997283935547,
				"bytes":	1237319680,
				"bits_per_second":	9898755683.9702644,
				"omitted":	false,
				"sender":	false
			}
		}, {
			"streams":	[{
					"socket":	5,
					"start":	12.001138,
					"end":	13.001396,
					"seconds":	1.0002579689025879,
					"bytes":	1360396288,
					"bits_per_second":	10880363508.565937,
					"omitted":	false,
					"sender":	false
				}],
			"sum":	{
				"start":	12.001138,
				"end":	13.001396,
				"seconds":	1.0002579689025879,
				"bytes":	1360396288,
				"bits_per_second":	10880363508.565937,
				"omitted":	false,
				"sender":	false
			}
		}, {
			"streams":	[{
					"socket":	5,
					"start":	13.001396,
					"end":	14.001154,
					"seconds":	0.999758005142212,
					"bytes":	432275456,
					"bits_per_second":	3459040718.0666518,
					"omitted":	false,
					"sender":	false
				}],
			"sum":	{
				"start":	13.001396,
				"end":	14.001154,
				"seconds":	0.999758005142212,
				"bytes":	432275456,
				"bits_per_second":	3459040718.0666518,
				"omitted":	false,
				"sender":	false
			}
		}, {
			"streams":	[{
					"socket":	5,
					"start":	14.001154,
					"end":	15.001379,
					"seconds":	1.0002249479293823,
					"bytes":	1114898432,
					"bits_per_second":	8917181554.4733944,
					"omitted":	false,
					"sender":	false
				}],
			"sum":	{
				"start":	14.001154,
				"end":	15.001379,
				"seconds":	1.0002249479293823,
				"bytes":	1114898432,
				"bits_per_second":	8917181554.4733944,
				"omitted":	false,
				"sender":	false
			}
		}, {
			"streams":	[{
					"socket":	5,
					"start":	15.001379,
					"end":	16.001563,
					"seconds":	1.0001840591430664,
					"bytes":	991428608,
					"bits_per_second":	7929969280.64966,
					"omitted":	false,
					"sender":	false
				}],
			"sum":	{
				"start":	15.001379,